<?xml version="1.0"?>
<!--<!DOCTYPE metadata SYSTEM "http://www.esri.com/metadata/esriprof80.dtd">-->
<metadata xml:lang="fr"><Esri><CreaDate>20150121</CreaDate><CreaTime>09273800</CreaTime><SyncOnce>FALSE</SyncOnce><DataProperties><lineage><Process Name="Merge_1" ToolSource="C:\Program Files\ArcGIS\ArcToolbox\Toolboxes\Data Management Tools.tbx\Merge" Date="20090622" Time="155852">Merge EPA_LIGNE_CORRIGE_BETA_VERSION;mise_a_jour_champ_modifie_recapitulé "C:\Documents and Settings\emilien.parisot\Bureau\Cemagref\donnees modifiables\EPA corrigé\EPA_LIGNE_CORRIGE_BETA_VERSI.shp" "OBJECTID OBJECTID true false false 10 Double 0 10 ,First,#,EPA_LIGNE_CORRIGE_BETA_VERSION,EPA_LIGNE_CORRIGE_BETA_VERSION.OBJECTID,-1,-1,mise_a_jour_champ_modifie_recapitulé,OBJECTID,-1,-1;CODE CODE true false false 9 Long 0 9 ,First,#,EPA_LIGNE_CORRIGE_BETA_VERSION,EPA_LIGNE_CORRIGE_BETA_VERSION.CODE,-1,-1,mise_a_jour_champ_modifie_recapitulé,CODE,-1,-1;DEPT DEPT true false false 9 Long 0 9 ,First,#,EPA_LIGNE_CORRIGE_BETA_VERSION,EPA_LIGNE_CORRIGE_BETA_VERSION.DEPT,-1,-1,mise_a_jour_champ_modifie_recapitulé,DEPT,-1,-1;COM COM true false false 9 Long 0 9 ,First,#,EPA_LIGNE_CORRIGE_BETA_VERSION,EPA_LIGNE_CORRIGE_BETA_VERSION.COM,-1,-1,mise_a_jour_champ_modifie_recapitulé,COM,-1,-1;SITE_TXT SITE_TXT true false false 50 Text 0 0 ,First,#,EPA_LIGNE_CORRIGE_BETA_VERSION,EPA_LIGNE_CORRIGE_BETA_VERSION.SITE_TXT,-1,-1,mise_a_jour_champ_modifie_recapitulé,SITE_TXT,-1,-1;ANNEE ANNEE true false false 9 Long 0 9 ,First,#,EPA_LIGNE_CORRIGE_BETA_VERSION,EPA_LIGNE_CORRIGE_BETA_VERSION.ANNEE,-1,-1,mise_a_jour_champ_modifie_recapitulé,ANNEE,-1,-1;SHAPE_LEN SHAPE_LEN true false false 19 Double 0 0 ,First,#,EPA_LIGNE_CORRIGE_BETA_VERSION,EPA_LIGNE_CORRIGE_BETA_VERSION.SHAPE_LEN,-1,-1,mise_a_jour_champ_modifie_recapitulé,SHAPE_LEN,-1,-1;DEPT_ZERO DEPT_ZERO true false false 50 Text 0 0 ,First,#,EPA_LIGNE_CORRIGE_BETA_VERSION,EPA_LIGNE_CORRIGE_BETA_VERSION.DEPT_ZERO,-1,-1,mise_a_jour_champ_modifie_recapitulé,DEPT_ZERO,-1,-1;COM_ZERO COM_ZERO true false false 50 Text 0 0 ,First,#,EPA_LIGNE_CORRIGE_BETA_VERSION,EPA_LIGNE_CORRIGE_BETA_VERSION.COM_ZERO,-1,-1,mise_a_jour_champ_modifie_recapitulé,COM_ZERO,-1,-1;SITE_ZERO SITE_ZERO true false false 50 Text 0 0 ,First,#,EPA_LIGNE_CORRIGE_BETA_VERSION,EPA_LIGNE_CORRIGE_BETA_VERSION.SITE_ZERO,-1,-1,mise_a_jour_champ_modifie_recapitulé,SITE_ZERO,-1,-1;CODE_INSEE CODE_INSEE true false false 50 Text 0 0 ,First,#,EPA_LIGNE_CORRIGE_BETA_VERSION,EPA_LIGNE_CORRIGE_BETA_VERSION.CODE_INSEE,-1,-1,mise_a_jour_champ_modifie_recapitulé,CODE_INSEE,-1,-1;INSEE_SITE INSEE_SITE true false false 50 Text 0 0 ,First,#,EPA_LIGNE_CORRIGE_BETA_VERSION,EPA_LIGNE_CORRIGE_BETA_VERSION.INSEE_SITE,-1,-1,mise_a_jour_champ_modifie_recapitulé,INSEE_SITE,-1,-1;INSITE_COD INSITE_COD true false false 50 Text 0 0 ,First,#,EPA_LIGNE_CORRIGE_BETA_VERSION,EPA_LIGNE_CORRIGE_BETA_VERSION.INSITE_COD,-1,-1,mise_a_jour_champ_modifie_recapitulé,INSITE_COD,-1,-1;OID_ OID_ false true false 4 Long 0 9 ,First,#,EPA_LIGNE_CORRIGE_BETA_VERSION,recapitul_complet_insite_code.OID,-1,-1;INSITE_C_1 INSITE_COD true true false 254 Text 0 0 ,First,#,EPA_LIGNE_CORRIGE_BETA_VERSION,recapitul_complet_insite_code.INSITE_COD,-1,-1;Cnt_INSITE Count_INSITE_COD true true false 9 Long 0 9 ,First,#,EPA_LIGNE_CORRIGE_BETA_VERSION,recapitul_complet_insite_code.Cnt_INSITE,-1,-1"</Process><Process ToolSource="c:\program files (x86)\arcgis\desktop10.1\ArcToolbox\Toolboxes\Data Management Tools.tbx\Project" Date="20131129" Time="163423">Project \\marella\BDA\SIG\Donnees\DonneesMetier\2_EPA\Valide\FichierVectoriel\2013_11_29\Epa_ligne_20131129_L2e.shp \\marella\BDA\SIG\Donnees\DonneesMetier\2_EPA\Valide\FichierVectoriel\2013_11_29\Epa_ligne_20131129_L2e_Proje.shp PROJCS['NTF_France_II_degrees',GEOGCS['GCS_NTF',DATUM['D_NTF',SPHEROID['Clarke_1880_IGN',6378249.2,293.46602]],PRIMEM['Greenwich',0.0],UNIT['Degree',0.0174532925199433]],PROJECTION['Lambert_Conformal_Conic'],PARAMETER['False_Easting',600000.0],PARAMETER['False_Northing',2200000.0],PARAMETER['Central_Meridian',2.337229166666667],PARAMETER['Standard_Parallel_1',46.8],PARAMETER['Scale_Factor',0.99987742],PARAMETER['Latitude_Of_Origin',46.8],UNIT['Meter',1.0]] # PROJCS['NTF_Lambert_II_itendu',GEOGCS['GCS_NTF',DATUM['D_NTF',SPHEROID['Clarke_1880_IGN',6378249.2,293.46602]],PRIMEM['Greenwich',0.0],UNIT['Degree',0.0174532925199433]],PROJECTION['Lambert_Conformal_Conic'],PARAMETER['False_Easting',600000.0],PARAMETER['False_Northing',2200000.0],PARAMETER['Central_Meridian',2.3372291667],PARAMETER['Standard_Parallel_1',45.8989188889],PARAMETER['Standard_Parallel_2',47.6960144444],PARAMETER['Scale_Factor',1.0],PARAMETER['Latitude_Of_Origin',46.8],UNIT['Meter',1.0]]</Process><Process ToolSource="c:\program files (x86)\arcgis\desktop10.1\ArcToolbox\Toolboxes\Data Management Tools.tbx\Project" Date="20140506" Time="163501">Project Y:\SIG\Projets\2014_recalage_Epa\Donnees_initiales\FranceII_Degre\Epa_ligne_20140505_L2e_Proje.shp Y:\SIG\Projets\2014_recalage_Epa\Donnees_initiales\L93\Epa_ligne_20140505_L2e_Proje.shp PROJCS['RGF_1993_Lambert_93',GEOGCS['GCS_RGF_1993',DATUM['D_RGF_1993',SPHEROID['GRS_1980',6378137.0,298.257222101]],PRIMEM['Greenwich',0.0],UNIT['Degree',0.0174532925199433]],PROJECTION['Lambert_Conformal_Conic'],PARAMETER['False_Easting',700000.0],PARAMETER['False_Northing',6600000.0],PARAMETER['Central_Meridian',3.0],PARAMETER['Standard_Parallel_1',44.0],PARAMETER['Standard_Parallel_2',49.0],PARAMETER['Latitude_Of_Origin',46.5],UNIT['Meter',1.0]] RGF_1993_To_NTF_NTv2 PROJCS['NTF_France_II_degrees',GEOGCS['GCS_NTF',DATUM['D_NTF',SPHEROID['Clarke_1880_IGN',6378249.2,293.46602]],PRIMEM['Greenwich',0.0],UNIT['Degree',0.0174532925199433]],PROJECTION['Lambert_Conformal_Conic'],PARAMETER['False_Easting',600000.0],PARAMETER['False_Northing',2200000.0],PARAMETER['Central_Meridian',2.337229166666667],PARAMETER['Standard_Parallel_1',46.8],PARAMETER['Scale_Factor',0.99987742],PARAMETER['Latitude_Of_Origin',46.8],UNIT['Meter',1.0]]</Process><Process ToolSource="c:\program files (x86)\arcgis\desktop10.4\ArcToolbox\Toolboxes\Analysis Tools.tbx\Clip" Date="20190327" Time="153202">Clip Epa_ligne_20150817_L93 Export_Output D:\Belldonne\Epa_ligne2015.shp #</Process></lineage><itemProps><itemLocation><linkage Sync="TRUE">file://\\GRP3798\D$\Belldonne\Epa_ligne2015.shp</linkage><protocol Sync="TRUE">Local Area Network</protocol></itemLocation><itemName Sync="TRUE">Epa_ligne2015</itemName><imsContentType Sync="TRUE">002</imsContentType><nativeExtBox><westBL Sync="TRUE">390185.825115</westBL><eastBL Sync="TRUE">1077442.012268</eastBL><southBL Sync="TRUE">6143194.731318</southBL><northBL Sync="TRUE">6594661.853757</northBL><exTypeCode Sync="TRUE">1</exTypeCode></nativeExtBox><itemSize Sync="TRUE">0.000</itemSize></itemProps><copyHistory><copy source="\\marella\BDA\SIG\Donnees\DonneesMetier\2_EPA\Valide\FichierVectoriel\2014_08_01\Epa_ligne_20140801_L93" dest="\\marella\BDA\SIG\Donnees\DonneesMetier\2_EPA\Valide\FichierVectoriel\2015_01_21\Epa_ligne_20140801_L93" date="20150121" time="09273800"></copy></copyHistory><coordRef><type Sync="TRUE">Projected</type><geogcsn Sync="TRUE">GCS_RGF_1993</geogcsn><csUnits Sync="TRUE">Linear Unit: Meter (1.000000)</csUnits><projcsn Sync="TRUE">RGF_1993_Lambert_93</projcsn><peXml Sync="TRUE">&lt;ProjectedCoordinateSystem xsi:type='typens:ProjectedCoordinateSystem' xmlns:xsi='http://www.w3.org/2001/XMLSchema-instance' xmlns:xs='http://www.w3.org/2001/XMLSchema' xmlns:typens='http://www.esri.com/schemas/ArcGIS/10.4'&gt;&lt;WKT&gt;PROJCS[&amp;quot;RGF_1993_Lambert_93&amp;quot;,GEOGCS[&amp;quot;GCS_RGF_1993&amp;quot;,DATUM[&amp;quot;D_RGF_1993&amp;quot;,SPHEROID[&amp;quot;GRS_1980&amp;quot;,6378137.0,298.257222101]],PRIMEM[&amp;quot;Greenwich&amp;quot;,0.0],UNIT[&amp;quot;Degree&amp;quot;,0.0174532925199433]],PROJECTION[&amp;quot;Lambert_Conformal_Conic&amp;quot;],PARAMETER[&amp;quot;False_Easting&amp;quot;,700000.0],PARAMETER[&amp;quot;False_Northing&amp;quot;,6600000.0],PARAMETER[&amp;quot;Central_Meridian&amp;quot;,3.0],PARAMETER[&amp;quot;Standard_Parallel_1&amp;quot;,44.0],PARAMETER[&amp;quot;Standard_Parallel_2&amp;quot;,49.0],PARAMETER[&amp;quot;Latitude_Of_Origin&amp;quot;,46.5],UNIT[&amp;quot;Meter&amp;quot;,1.0],AUTHORITY[&amp;quot;EPSG&amp;quot;,2154]]&lt;/WKT&gt;&lt;XOrigin&gt;-35597500&lt;/XOrigin&gt;&lt;YOrigin&gt;-23641900&lt;/YOrigin&gt;&lt;XYScale&gt;124074650.52332792&lt;/XYScale&gt;&lt;ZOrigin&gt;-100000&lt;/ZOrigin&gt;&lt;ZScale&gt;10000&lt;/ZScale&gt;&lt;MOrigin&gt;-100000&lt;/MOrigin&gt;&lt;MScale&gt;10000&lt;/MScale&gt;&lt;XYTolerance&gt;0.001&lt;/XYTolerance&gt;&lt;ZTolerance&gt;0.001&lt;/ZTolerance&gt;&lt;MTolerance&gt;0.001&lt;/MTolerance&gt;&lt;HighPrecision&gt;true&lt;/HighPrecision&gt;&lt;WKID&gt;102110&lt;/WKID&gt;&lt;LatestWKID&gt;2154&lt;/LatestWKID&gt;&lt;/ProjectedCoordinateSystem&gt;</peXml></coordRef></DataProperties><ArcGISFormat>1.0</ArcGISFormat><SyncDate>20190327</SyncDate><SyncTime>15320000</SyncTime><ModDate>20190327</ModDate><ModTime>15320000</ModTime></Esri><idinfo><citation><citeinfo><onlink Sync="TRUE">\\Bipro4\bda\SIG\Donnees\DonneesMetier\Avalanches\EPA\Valide\FichierVectoriel\2009_09_01\Epa_corrige_final_version</onlink></citeinfo></citation></idinfo><distInfo><distributor><distorTran><onLineSrc><linkage Sync="TRUE">file://\\Bipro4\bda\SIG\Donnees\DonneesMetier\Avalanches\EPA\Valide\FichierVectoriel\2009_09_01\Epa_corrige_final_version</linkage><protocol Sync="TRUE">Local Area Network</protocol></onLineSrc></distorTran></distributor><distFormat><formatName Sync="TRUE">Shapefile</formatName></distFormat><distTranOps><transSize Sync="TRUE">0.000</transSize></distTranOps></distInfo><dataqual><lineage><procstep><procdesc Sync="TRUE">Jeu de données copié.</procdesc><srcused Sync="TRUE"></srcused><date Sync="TRUE">20090622</date><time Sync="TRUE">16304800</time></procstep><procstep><procdesc Sync="TRUE">Jeu de données copié.</procdesc><srcused Sync="TRUE">\\Marella\users\emilien.parisot\Public\EPA\epa bonne\Epa_corrige_final_version</srcused><date Sync="TRUE">20090708</date><time Sync="TRUE">15445200</time></procstep><procstep><procdesc Sync="TRUE">Jeu de données copié.</procdesc><srcused Sync="TRUE">\\Bipro4\bda\SIG\Donnees\DonneesMetier\Avalanches\EPA\Valide\FichierVectoriel\2009_07_08\Epa_corrige_final_version</srcused><procdate Sync="TRUE">20090901</procdate><proctime Sync="TRUE">11174700</proctime></procstep></lineage></dataqual><dataIdInfo><envirDesc Sync="TRUE">Microsoft Windows 7 Version 6.1 (Build 7601) Service Pack 1; Esri ArcGIS 10.4.1.5686</envirDesc><dataLang><languageCode value="eng" Sync="TRUE"></languageCode><countryCode value="USA" Sync="TRUE"></countryCode></dataLang><idCitation><resTitle Sync="TRUE">Epa_ligne2015</resTitle><presForm><PresFormCd value="005" Sync="TRUE"></PresFormCd></presForm></idCitation><spatRpType><SpatRepTypCd value="001" Sync="TRUE"></SpatRepTypCd></spatRpType><dataExt><geoEle><GeoBndBox esriExtentType="search"><exTypeCode Sync="TRUE">1</exTypeCode><westBL Sync="TRUE">-1.032770</westBL><eastBL Sync="TRUE">7.910998</eastBL><northBL Sync="TRUE">46.451932</northBL><southBL Sync="TRUE">42.290493</southBL></GeoBndBox></geoEle></dataExt></dataIdInfo><mdLang><languageCode value="eng" Sync="TRUE"></languageCode><countryCode value="USA" Sync="TRUE"></countryCode></mdLang><mdHrLv><ScopeCd value="005" Sync="TRUE"></ScopeCd></mdHrLv><mdHrLvName Sync="TRUE">dataset</mdHrLvName><refSysInfo><RefSystem><refSysID><identCode code="2154" Sync="TRUE"></identCode><idCodeSpace Sync="TRUE">EPSG</idCodeSpace><idVersion Sync="TRUE">6.16(9.0.0)</idVersion></refSysID></RefSystem></refSysInfo><spatRepInfo><VectSpatRep><geometObjs Name="Epa_ligne2015"><geoObjTyp><GeoObjTypCd value="002" Sync="TRUE"></GeoObjTypCd></geoObjTyp><geoObjCnt Sync="TRUE">0</geoObjCnt></geometObjs><topLvl><TopoLevCd value="001" Sync="TRUE"></TopoLevCd></topLvl></VectSpatRep></spatRepInfo><spdoinfo><ptvctinf><esriterm Name="Epa_ligne2015"><efeatyp Sync="TRUE">Simple</efeatyp><efeageom code="3" Sync="TRUE"></efeageom><esritopo Sync="TRUE">FALSE</esritopo><efeacnt Sync="TRUE">0</efeacnt><spindex Sync="TRUE">FALSE</spindex><linrefer Sync="TRUE">FALSE</linrefer></esriterm></ptvctinf></spdoinfo><eainfo><detailed Name="Epa_ligne2015"><enttyp><enttypl Sync="TRUE">Epa_ligne2015</enttypl><enttypt Sync="TRUE">Feature Class</enttypt><enttypc Sync="TRUE">0</enttypc></enttyp><attr><attrlabl Sync="TRUE">FID</attrlabl><attalias Sync="TRUE">FID</attalias><attrtype Sync="TRUE">OID</attrtype><attwidth Sync="TRUE">4</attwidth><atprecis Sync="TRUE">0</atprecis><attscale Sync="TRUE">0</attscale><attrdef Sync="TRUE">Internal feature number.</attrdef><attrdefs Sync="TRUE">Esri</attrdefs><attrdomv><udom Sync="TRUE">Sequential unique whole numbers that are automatically generated.</udom></attrdomv></attr><attr><attrlabl Sync="TRUE">Shape</attrlabl><attalias Sync="TRUE">Shape</attalias><attrtype Sync="TRUE">Geometry</attrtype><attwidth Sync="TRUE">0</attwidth><atprecis Sync="TRUE">0</atprecis><attscale Sync="TRUE">0</attscale><attrdef Sync="TRUE">Feature geometry.</attrdef><attrdefs Sync="TRUE">Esri</attrdefs><attrdomv><udom Sync="TRUE">Coordinates defining the features.</udom></attrdomv></attr><attr><attrlabl Sync="TRUE">OBJECTID</attrlabl><attalias Sync="TRUE">OBJECTID</attalias><attrtype Sync="TRUE">Integer</attrtype><attwidth Sync="TRUE">10</attwidth><atprecis Sync="TRUE">10</atprecis><attscale Sync="TRUE">0</attscale></attr><attr><attrlabl Sync="TRUE">CODE</attrlabl><attalias Sync="TRUE">CODE</attalias><attrtype Sync="TRUE">Integer</attrtype><attwidth Sync="TRUE">10</attwidth><atprecis Sync="TRUE">10</atprecis><attscale Sync="TRUE">0</attscale></attr><attr><attrlabl Sync="TRUE">DEPT</attrlabl><attalias Sync="TRUE">DEPT</attalias><attrtype Sync="TRUE">Integer</attrtype><attwidth Sync="TRUE">10</attwidth><atprecis Sync="TRUE">10</atprecis><attscale Sync="TRUE">0</attscale></attr><attr><attrlabl Sync="TRUE">COM</attrlabl><attalias Sync="TRUE">COM</attalias><attrtype Sync="TRUE">Integer</attrtype><attwidth Sync="TRUE">10</attwidth><atprecis Sync="TRUE">10</atprecis><attscale Sync="TRUE">0</attscale></attr><attr><attrlabl Sync="TRUE">SITE_TXT</attrlabl><attalias Sync="TRUE">SITE_TXT</attalias><attrtype Sync="TRUE">String</attrtype><attwidth Sync="TRUE">50</attwidth><atprecis Sync="TRUE">0</atprecis><attscale Sync="TRUE">0</attscale></attr><attr><attrlabl Sync="TRUE">ANNEE</attrlabl><attalias Sync="TRUE">ANNEE</attalias><attrtype Sync="TRUE">Integer</attrtype><attwidth Sync="TRUE">10</attwidth><atprecis Sync="TRUE">10</atprecis><attscale Sync="TRUE">0</attscale></attr><attr><attrlabl Sync="TRUE">SHAPE_LEN</attrlabl><attalias Sync="TRUE">SHAPE_LEN</attalias><attrtype Sync="TRUE">Double</attrtype><attwidth Sync="TRUE">19</attwidth><atprecis Sync="TRUE">0</atprecis><attscale Sync="TRUE">0</attscale></attr><attr><attrlabl Sync="TRUE">DEPT_ZERO</attrlabl><attalias Sync="TRUE">DEPT_ZERO</attalias><attrtype Sync="TRUE">String</attrtype><attwidth Sync="TRUE">50</attwidth><atprecis Sync="TRUE">0</atprecis><attscale Sync="TRUE">0</attscale></attr><attr><attrlabl Sync="TRUE">COM_ZERO</attrlabl><attalias Sync="TRUE">COM_ZERO</attalias><attrtype Sync="TRUE">String</attrtype><attwidth Sync="TRUE">50</attwidth><atprecis Sync="TRUE">0</atprecis><attscale Sync="TRUE">0</attscale></attr><attr><attrlabl Sync="TRUE">SITE_ZERO</attrlabl><attalias Sync="TRUE">SITE_ZERO</attalias><attrtype Sync="TRUE">String</attrtype><attwidth Sync="TRUE">50</attwidth><atprecis Sync="TRUE">0</atprecis><attscale Sync="TRUE">0</attscale></attr><attr><attrlabl Sync="TRUE">CODE_INSEE</attrlabl><attalias Sync="TRUE">CODE_INSEE</attalias><attrtype Sync="TRUE">String</attrtype><attwidth Sync="TRUE">50</attwidth><atprecis Sync="TRUE">0</atprecis><attscale Sync="TRUE">0</attscale></attr><attr><attrlabl Sync="TRUE">INSEE_SITE</attrlabl><attalias Sync="TRUE">INSEE_SITE</attalias><attrtype Sync="TRUE">String</attrtype><attwidth Sync="TRUE">50</attwidth><atprecis Sync="TRUE">0</atprecis><attscale Sync="TRUE">0</attscale></attr><attr><attrlabl Sync="TRUE">INSITE_COD</attrlabl><attalias Sync="TRUE">INSITE_COD</attalias><attrtype Sync="TRUE">String</attrtype><attwidth Sync="TRUE">50</attwidth><atprecis Sync="TRUE">0</atprecis><attscale Sync="TRUE">0</attscale></attr></detailed></eainfo><mdDateSt Sync="TRUE">20190327</mdDateSt></metadata>
